{"cameraMode":{"drawMode":0,"name":"Shaded","section":"Shading Mode"},"sceneLighting":true,"audioPlay":false,"sceneViewState":{"showFog":true,"showMaterialUpdate":false,"showSkybox":true,"showFlares":true,"showImageEffects":true,"showParticleSystems":true},"in2DMode":false,"pivot":{"x":0.3024940490722656,"y":3.9314346313476564,"z":-2.2427520751953127},"rotation":{"x":-0.042241163551807407,"y":0.9333523511886597,"z":-0.1171000599861145,"w":-0.33668553829193118},"size":10.0,"orthographic":false}